Address,Decimals,Holders,Name,Symbol,Transfers,Type
0x046bfa580e4fa55a38eaa7f51a3469f86b336eed59a6136a07b7adcd095b0eb2,,194322,,,214227,erc1155
0x05b456031650c1de9eec123d3e7d06a684d321a346d4a7cac9fd86c2b77cf70f,,27634,,,24839,erc1155
0x076d4aa535b66f9845c47d71004a5d34466c557ce9830395a89077bc2d372c97,,8867,ZKX Clans,ZKX-CLANS,8945,erc1155
0x052c424a31e027c47081668fcbd1a8f4ffaeb95e6415bc396473e4d6cbf77346,,8767,strkfi.com - Starknet Gifts,strkGFT,8767,erc1155
0x06cf43813edcf7400f78d9f010fbc8a090ede2bd16b578e9dccdfdf741312de5,,8167,strkfi.com - Starknet Gifts,strkGFT,8769,erc1155
0x0515f09edc552999711489adfb366a453c7b939d018ec546b4f368cd35154bd0,,7807,strkfi.com - Starknet Gifts,strkGFT,8767,erc1155
0x04e6dbdc84d6d441a938692207adf4cd5e0e187742b86963584a8c921524d335,,7806,strkfi.com - Starknet Gifts,strkGFT,8771,erc1155
0x04eb0db1368efd4ad702cdb672ae6b2a50e9609e88556d1ff3204a34bd46a4bf,,6452,ekbrwd.net - Ekubo Rewards,EKBRWD,6459,erc1155
0x057dbac3a52455e19db9e4ac9cee2253003bc12a5b9d88e502d421d7cf0d2704,,6248,vstrkb.org - vSTRK Bonus Pass,vSTRKB,6252,erc1155
0x0698850d7abda8ffe1549fdefad32bb919d9cfafe6392f6997711384583bb446,,6051,vstrb.net - vSTRK Bonus Pass,vSTRKB,6052,erc1155
0x03423118b99d43dcbdee5ef66c9236196f3f76ddddf1bc6daed79f0a718a6742,,6050,vstrb.net - vSTRK Bonus Pass,vSTRKB,6051,erc1155
0x022ae078a2f1c8fbdca8797b16f98d36d5faac3c10a55c0e2dd1946f99d375e3,,6046,vstrb.net - vSTRK Bonus Pass,vSTRKB,6046,erc1155
0x072eb698039797e6a862e2b1dbf29017ec264bfc506480dacc1057354cf3679f,,5672,ZKX OG Badges,OGBadges,14121,erc1155
0x0247da248897edb0bc98a7566c5257c1750458586a2ebfb045c11a6a1fef54a8,,5644,vstrkb.org - vSTRK Bonus Pass,vSTRKB,6254,erc1155
0x019c9cc58a6bcdc0be2d5cea630101c9451cefcc504a8773cdb9c302c45988ac,,5490,strkfi.com - Starknet Gifts,strkGFT,5490,erc1155
0x00816013ec83698145002e5265cfa0ddd87bce9e78841cf6f2164c1ac15e037a,,3846,vstrkb.com - vSTRK Bonus Pass,vSBP,3858,erc1155
0x043e5ae2c7b4726de262d1656065b2f3b25c3fe156ed203eb076f88105c4140e,,3842,vstrkbp.com - vSTRK Bonus Pass,vSBP,3843,erc1155
0x062a5a4c35679b0464079d5b7092e7ae31ec288bb26955fb5ece1443e09f907d,,3842,vstrkbp.com - vSTRK Bonus Pass,vSBP,3843,erc1155
0x029e6d422915798ece5cf0a89332be845ff9da9cdc52a0d37d6857610e8cc911,,3842,vstrkb.com - vSTRK Bonus Pass,vSBP,3846,erc1155
0x05e2ebba143b75521b8a33c696b069293fbe8d71a0031835b5bf1e281f990849,,3842,vstrkb.com - vSTRK Bonus Pass,vSBP,3845,erc1155
0x058f90073ec0dc9c283b7c2ccb33c217382e42c1902eb0dcfa12491132c9bcaa,,3842,vstrkbp.com - vSTRK Bonus Pass,vSBP,3842,erc1155
0x0059b6211ff3023721f33610db425bc1deb15e09aaaa8690d64b93a70ea56f83,,3452,ekbrwd.net - Ekubo Rewards,EKBRWD,6461,erc1155
0x06a2d392d47ac429e268673b4ebd25b2f85da5dd3674d8d07b26b5a35a61ec4e,,3271,strkrwd.com - Voting Bonus,strkVBP,3274,erc1155
0x0580461ee56ad6ea9755cda7891a6a45c7da466a13e91e1aecfc9cad8c99944a,,3242,vstrkb.org - vSTRK Bonus Pass,vSTRKB,6254,erc1155
0x040b92ab7d168be88c33992ff9459e4279a2fa2ccc94a08fa769e83a029e51d6,,3006,vStrk Bonus,vSTKB,3007,erc1155
0x07e69fd17cd1ce18d663f7fe5c45da08a0957a92f5d0eb53e8782cd9cb041097,,2856,ekbrwd.net - Ekubo Rewards,EKBRWD,6457,erc1155
0x0559c363cb09084adbba0216cc1aa09c8e00f99c23003c9bd5eb87a41918efdf,,2817,strkfi.com - Starknet Gifts,strkGFT,2824,erc1155
0x057a7c97b3e0ed14005b01c75b20a6faffa4f97d397531e0189492b3ea182be0,,2700,msbonus.net - MySwap LP Bonus,msLPB,2700,erc1155
0x007c1e5cf49ba2e05dde3947e555215c73da8004fa6c3b4e0a23741c4bdc44dd,,2489,,,2523,erc1155
0x0372ed7c5e187c84994a804d343adb70d3394a9269d398d04e6991e8c6cd7939,,2317,Carbonable Badges,,2317,erc1155
0x0452017bd715f6b5e2003a9f4b55a5e66875e82e9ff21bde302dfbdaadf0d82e,,2211,msbonus.net - MySwap LP Bonus,msLPB,2212,erc1155
0x0040b36ca6e401b6c1f28e4a576a4350be13d8c59023dd75b9dbf744417ac7a7,,2211,msbonus.net - MySwap LP Bonus,msLPB,2211,erc1155
0x021b9109b2a33609f6f9fe36ac98ede10bbcdf457c05d62b5c2a3ad1af60415a,,2190,vstrb.net - vSTRK Bonus Pass,vSTRKB,2191,erc1155
0x039395279e2755130f94e496dabaff9ce4b25df78efa761d455bf2edffddf593,,1990,strkfi.com - Starknet Gifts,strkGFT,1997,erc1155
0x074105e8be00794e5e9d9b3c024bb63fa7fd8f4e952ebdd7a957b2490c782913,,1003,vStrk Bonus,vSTRB,1004,erc1155
0x02fd2dc038802e5282b27974cc2a937f79ea5762d2c195aeff41f1fd57da1ca8,,439,,,11576,erc1155
0x07f86226cb6540f36c310aaaf6d677a9a6a62b18bb6dfe826bff45e86d9f8531,,147,,,331,erc1155
0x0209b1620290ae30b9734a4e20aa044c9b03e01cdd7ce12b056c6f771ea2c15b,,13,,,14,erc1155
0x04310198758a4849cd7578c2401308b228df29cc5ab6be1d6193a18f1a2f2c5c,,5,,,19,erc1155
0x02975ab9817f9dd8326308cf2c21683a599acbac5532b887c6b0e1fc828c24e0,,5,TEST043011,T43011,5,erc1155
0x01bef0b899da458d863237ad08348b396b44ed35ee2909a08543f1eef2d16ae8,,5,vStrk Bonus,vSTRB,4009,erc1155
0x017faead883a15bcfbdc18206b19bb77d235bcf8dc26784b2d1e89faaacc728d,,4,TEST 04306,T4306,4,erc1155
0x07b1409cb21d9c1fccdadea47fc43ea6a74c5538af38daa3818263cd386652a3,,4,TEST 050102,T512,4,erc1155
0x030188e2199a0999385c30143bdab3e9a4e60f0e605a9df50b714560fad1a7af,,3,TEST04303,T4303,3,erc1155
0x0606858447558e30e1c50186d55e045c13fc57b7d67ac5963b6aa6826c57dc6a,,3,twitter.com,TTEST,4,erc1155
0x052b7e6f652065b62e6aaf360630c6a228dea3fe6273dc3d5cefa8fd97892ac4,,3,TEST04305,T4305,3,erc1155
0x01aae79e229be46c812cf03f84f27bcb96ce52a5254176dbb0644305f59c51e7,,3,TEST04304,T4304,3,erc1155
0x01f0dc65626c6d6218b1c9302ae13822d0974f16f11d4a068ba4e539fee65854,,3,TEST043010,T43010,3,erc1155
0x00201026dc73f9894513fa05f6398f1dc1581e077909af75faa3204789bcd80f,,3,TDEPNAME050203,TTEST,3,erc1155
0x0122a48ed9384ba2b2888d2ca8b254fcb7e7e818d6ffce7eec34790ca605aee4,,2,,,20,erc1155
0x0185fbf4840faa8c8f3fb7dcaacb867f6443c16327c6e479b2cf84a2ff6da68c,,2,vStrk Bonus,vSTRB,4005,erc1155
0x024cce6e880b96f612eab9cb232abfa94561c5978ca42c19a5d8b94bfa927e78,,2,tdep050204.com,TTEST,2,erc1155
0x00559c356e5eb762e028b45f9be6a65aa35473e779c77c3badba608811268440,,2,TDEPNAME050202,TTEST,2,erc1155
0x026ebdfa6bfe26d78507bb82feedb8a816457a082876df4fd5b7c6b5a115b927,,2,,,14,erc1155
0x00eb385614be6f19782d1d0aedda451efba11756ae5701a1725827ceeec98260,,1,,,23,erc1155
0x03a516fb4d3b4fd335d35b1228fac938f56e3c9029bb3f3e67f0f5a1f65f7a4c,,1,,,19,erc1155
0x07af0f02b173a44162715cade9809df736c99c8a1c5bdf49a3319c6ade22d6b9,,1,,,23,erc1155
0x0579a3ebae5abf033d26e75195cc64ed9a8ca514d7ba9bfb2da285ff23a80076,,1,,,21,erc1155
0x07e5810cbfa94467eb6cd7b3403678e61e6bf028bbcfb1ef3ef8eb5d0245b3e2,,1,,,22,erc1155
0x047ac543f4526127ff0dae6ff81e99aba76c96639360e04cdf06d5c32065e9fd,,1,,,19,erc1155
0x06030bdb430d0a656bc3a6089dbc14b954b1fc7c16adc134171d6a8173ccad0a,,1,,,17,erc1155
0x050521cc2f14602fbbeef5899abc228e7199fa4ed9fc9cfa20d6492762f69b80,,1,,,22,erc1155
0x065d8d62b4c0cf5bd5f33729fc8f3494cc3fe0cc42e371b8af1ea5f4b727e5de,,1,,,20,erc1155
0x01810e1295b2cb3f99e7efdc9c4da2b47d19ad0c26fa6a27154aa99cb53a95f2,,1,,,21,erc1155
0x03032b427fca59382bb775d06410d3f8dc5d7ee2ebd167da402085323a34a2e4,,1,,,25,erc1155
0x044b58cea4c88a25b3680aead36fa51fe0dd00bb49b6037a0e320b119bb7e3c0,,1,,,18,erc1155
0x03288b31926f42234af511c72d975c5a0bc57c643e2c4dacada42379995fb463,,1,,,17,erc1155
0x05edbd656b4b6fe53808d39cc00e65b72d5c300d1bb31cbcb64802449ba97e00,,1,,,5,erc1155
0x0354abe67222f998ff15a9b7fa907dec68b499ab47836dae0829b2f9faa1feba,,1,,,15,erc1155
0x021dccad96d9327c415d6052c42ca295c9373426da3ac3e9a409e5f84e896b81,,1,,,21,erc1155
0x0238d0d74bb6a78534aa30f64f1507655b0d59e9edfd58d08fa76da9f8152bee,,1,,,20,erc1155
0x06e27a8c0d0ca3f8eed366fb6e5367b2a19bd2579ae21644e6da4c077ba02e95,,1,vstrkb.org - vSTRK Bonus Pass,vSTRKB,1,erc1155
0x0165ae6826687fab82a740fe1b1be71956d4ca69fb47c87487293758a9e64be9,,1,,,26,erc1155
0x02823db8e7e5b208b93cf4200f3b9aeb06fe2fa4d0cd4f18c1ccaacf97c1a6dd,,1,TEST 043008,T4308,1,erc1155
0x006ccead2a04e33611fb2a9d98454a3e3fbd97973234b938e284398fdb0e8b4f,,1,,,18,erc1155
0x00b3e44ff339eb093fda08cda931775ae606479c08b63497779bab785751589e,,1,TEST 050101,T511,1,erc1155
0x0240087a266b9896f68d134fb665473822761c642fc54b703f9539a8372f6398,,1,,,17,erc1155
0x00cc1feb15815c5f1252d1c102c4c7cee2d4fb1e1141a3546265e8e9511edff4,,1,TEST043009,T4309,1,erc1155
0x019e09a3b6c35997acfe00bc6747e634516192eae043320c6352ef23fdbc14c5,,1,,,17,erc1155
0x052adeebe2e3318a0f21d9d875332baa07f4418c2cf3a1495319d226c821ea20,,1,,,15,erc1155
0x01968f6c8e205aa2de5e0ee3b569ea16f0e3a60e1e3af105a0f03857922e5d51,,1,,,17,erc1155
0x03568ad7833a9e8620c7ffb5e41becdcc844e2190512808c160f637213177add,,1,,,26,erc1155
0x039351fd56d4d2ec36ad04123294d59b861cd071220c77f9e352c4614c9eda8d,,1,,,22,erc1155
0x019dde63f9e8e7bdd3247144b824ab5e5a4d11fed37985d8d028304591d0cb35,,1,,,15,erc1155
0x077a1be0d29f6d7c68dbfa9bc0f7d8e4edce48b5006377df2b6deddf27de5adb,,1,vStrk Bonus,vSTRB,1,erc1155
0x04ac85a76a8f38b40700b2985529405ffa62e2e1e30a16d3de047606156e70b6,,1,,,17,erc1155
0x0401c2d5517e5a85026b7ac8d7e080f8dc6f6f8f407d65d9fb784f64c00158e5,,1,,,18,erc1155
0x078bcb11d35e3210c30584677dd4768b889205fc18f8355eaf24be245720a81e,,0,,,0,erc1155
0x02d92544bc2a112b0aae128ee2bb6b0683c291f51ac9b8083ef160640a1e916a,,0,,,0,erc1155
0x05a569d722cdd3fba8370e05f697a4964a05441b5781a71ec450fd10b9a04a14,,0,,,0,erc1155
0x01634671af33e9d9cdba3a09c5646ba2fa90922f3d3f386f72e53821abcae93b,,0,,,0,erc1155
0x00c6045c261c05b8a0aecd38acf2945954f1b51ac42143f3c3a209f92533fd11,,0,,,0,erc1155
0x0103bd5727c9eee4ef2b2b4b2c9c02ffac4b0611287f65b7aa290a07f3debdbf,,0,,,0,erc1155
0x0355fea050f3866e9bbabed80500e58807745558b57c6805676d64d97eb797bd,,0,,,0,erc1155
0x05e51c0159ebb1b5e8767fdb1cf7d94c6c0746a328caa87a097909d9e08e3179,,0,,,0,erc1155
0x034f2a5429f5f583388e4b8fdfa66d4e074fd33f247696c836422951b8ad8f47,,0,,,0,erc1155
0x07ca83315cee2f290e05148d98ce83439ba81f44844dd21897e620cbc94ce5e5,,0,,,0,erc1155
0x019a339d2a604b7291a84b5fb2a13989119625bd270f420f0c05d858964e089a,,0,,,0,erc1155
0x04e857c639776c15778556233a3127f4b4e50267c0a2fb201d70bd6d72ee6d42,,0,,,0,erc1155
0x04f1d8284641db9abf3630aa9e14a369827a42bd7b0c2d61eea39edda2b0c5d8,,0,,,0,erc1155
0x035a935f1d8436af57765f6c0e1b3c6d4b3d106313e61beceed3c7b269af9314,,0,,,0,erc1155
0x03ec2f50c27522f729ccebaaf48d9320d073a6263d3621b17bf9a07f3bcd0c98,,0,,,0,erc1155
0x00320733c5dd922473c7af10ce306a7346fe44a3f8a7e4d990b47f594f562026,,0,,,0,erc1155
0x0497ee82fe10ac8f26f29b197262585e5270467facf99c33681be7372f021b7c,,0,,,0,erc1155
0x057e781c3f52cc937d495e9f1102a4e1026321071de246778fbb741febc2059f,,0,,,0,erc1155
0x04b04684b5f1307ae7940ae1af618b742d41d33ba316e8565f9c89a216a123c2,,0,,,0,erc1155
0x002e252a9623a44dd8da75a8e263beac18a486e33d40e688908a397fb2779c19,,0,,,0,erc1155
0x05967b429fa217b05c6380b964028f555b9c510c3234049ee527449a3238711e,,0,,,0,erc1155
0x014e872d2a5e2ca3d2cfd0a9ad45e3c4aaf3da175cf5bc66d30f96c5aeb5badc,,0,,,0,erc1155
0x0711623bd49b2165185b7a2966caff502a09351eb11ccd801f88f8065ccfef32,,0,,,0,erc1155
0x03ad291351d961ac7ae79df3c068d29dd43e0d5d6b1487ca14dfbb7334cb599c,,0,,,0,erc1155
0x04640d09e07065d3806d8594508ca373a2162abaac157e501e94f4f140882f45,,0,,,0,erc1155
0x00f35129b7758800199336169de713a8cdee1e6204814b1ee9c28d8b363f63b0,,0,,,0,erc1155
0x0544d3bfa8082f71463be50ca6defc4c37d04d095c1ccf2cce904b8f58ca5d9f,,0,,,0,erc1155
0x0747873b18d35a56b3dbc26f3f78130be8f167ede50dc6e26dc13958fb229bb8,,0,,,0,erc1155
0x011123af2882d69a6f4ef7add1fb7e3d13574ce03587854f16a4f3dfc71197b2,,0,,,0,erc1155
0x07a05207e6e2e1d706fcde5da870c52a11df3ec201b4913553d7feb767ec251f,,0,,,0,erc1155
0x01806ae8e26248b6a7eb6b7c6800eee2af6894528aa3ebb2a210ecd7ae4def4e,,0,,,0,erc1155
0x07810455f846163f58c5435f16ebd43b80584298e7f26e55f755fbeb8117252c,,0,,,0,erc1155
0x04f1487b4bb7452c212289eb76a35df2416c8fa13516846cbe1aaba3ea9a23ee,,0,,,0,erc1155
0x0709afe7dc4e7c3d931a902202ecc6aa3c2d11e31ee16344cf7e45ae528b5b82,,0,,,0,erc1155
0x0095e2ba0b565dce9286d0b9035c97ad63e6bdbdbd87bbe210d9616b0d07f599,,0,,,0,erc1155
0x000625bff91a1b12866d687f2bfd6c2bfc08e3917434ca835e307566a063dbf4,,0,,,0,erc1155
0x06bccc5bf8491385d152c88793c6ddc09dc6aa7147a394ccb8fa5f88a984dd7c,,0,,,0,erc1155
0x0721e9daa946a6c0a5868238b58c900103f5ede8da04b3009659bf859cbc9d51,,0,,,0,erc1155
0x05330aa68d70e866c44894242150ac633315da1da45a8f32ae2ce8a5c9362376,,0,,,0,erc1155
0x0391973c5fe1413722e8630e72f378e57874fd21ce898404ac0c7aedec204346,,0,,,0,erc1155
0x004802e12aef292faac335be08d9b4e2c03d29b28f9a8b71d133b9d103dc4090,,0,,,0,erc1155
0x069f5ad07439ab172497ddaac4f0db5f12d7c81666c2e25d4fe9ff710c515e1f,,0,,,0,erc1155
0x06f5c604c3c31bea93cafe0b9796b1b66ed0c65941924eff32e8aa583461fa89,,0,,,0,erc1155
0x035b08b0be6a85062c2cffe4e689ab5154e8b93b44dfb1242e9e3c588af97002,,0,,,0,erc1155
0x0691ca2a728fa7769f85392344113737bb9c4de8c8abd39ad949d2d94cf9f522,,0,,,0,erc1155
0x07535a22b20fd02bf3eafadc4e4484beaf8b5777844af64db553935addab6b5e,,0,,,0,erc1155
0x023d7bc918775dcae4efa78b34946417b82fe5fa96c8962490ab25da7d8c67ce,,0,,,0,erc1155
0x04ee865d2b8c565df1e6ed965ff917a86876bc2cfd6bf0598f02c770cc29d6e2,,0,,,0,erc1155
0x04e42dec9534f2539a556bac080d75c417f945e535faa3dc5fa4f4ca3c983b32,,0,,,0,erc1155
0x013ed0c62f7979548bb3f3bf4a7ff4ceb7f4bc5f70f67617fb717795d82f0e02,,0,,,0,erc1155
0x05a7b24459e06f507ed814198bed80c45609349c6b8401dd3fa7d6bfbacd5b74,,0,,,0,erc1155
0x076fca806b745f3678356d0c0874a745d33c87049ef4cf56aa228c932f6e7bd5,,0,,,0,erc1155
0x0006d2a59d736294a44985c0ce428cf83c8e34745a7371b1ceb6d5b8102f8fd9,,0,,,0,erc1155
0x032600102709085ab6d2e0341d9416da7590b393d651810cd819e10c38a7172d,,0,,,0,erc1155
0x01784368cbb5c1a8cf43a0ce9021b18a40227309812a2ace62b6a13d87f815d6,,0,Carbonable Badges,,0,erc1155
0x0469162591f68c56981d6c11a203e7ad1c4cd5c2b389e60be28cc01c83969884,,0,STARK Tickets,,0,erc1155
0x068a226e1d3841d2f16283ad329f6ebc99dc91c3421f8b0a3dffd61ec2771145,,0,strkfi.com - Starknet Gifts,strkGFT,0,erc1155
0x039c234a2edb668538806d017d5218bba4b566a2a6f046f061e1986c6bff6f7a,,0,,,0,erc1155
0x055c90f3110c9b3b579f9af8530cc1f12650d15b4cbf68af7d58673c81e83208,,0,,,0,erc1155
0x01217007847dab97315a097652e344a6ce5595b8d7651d6f3bcbf4a89a0432e7,,0,,,0,erc1155
0x0372b65f793a6d6f828629bccb01788f888b0f254cc4303a86e77c2bcaab54e5,,0,,,0,erc1155
0x000267b7473e896dc1ed0a569e64a3abaece1e875b5ff4e782fc57f52e9876ef,,0,,,0,erc1155
0x07e8090168b16e5970db82e6209eac6d130c5ba045950d03b1bbe8d3880195b4,,0,,,0,erc1155
0x0033cbab7bd54df05851a7ce132d2cda9249609670bc110764e93981f7a0118d,,0,,,0,erc1155
0x06fc7e170f1cdf0e9a827b013917a708adc056148e7027621c440673b7bb7508,,0,,,0,erc1155
0x07ef97b870b7fbdb2687d9e6e531b451dd617025cf03b85672c66ec2c6edd53b,,0,,,0,erc1155
0x01cc9d0cb667a96c9a628a09267aaf3629eed6743c2696c65aa3780d59c45577,,0,,,0,erc1155
0x07ca83315cee2f290e05148d98ce83439ba81f44844dd21897e620cbc94ce5e5,,0,,,0,erc1155
0x0103bd5727c9eee4ef2b2b4b2c9c02ffac4b0611287f65b7aa290a07f3debdbf,,0,,,0,erc1155
0x02d92544bc2a112b0aae128ee2bb6b0683c291f51ac9b8083ef160640a1e916a,,0,,,0,erc1155
0x0656a6e5fd5bbba2fa2295980bc16a689c7b151f97aff02bd48c7e084ce12606,,0,,,0,erc1155
0x0740152de38cce38118713e5cc4f7c53a3c43b0d3d1b5b71d14b94994bfb5a9c,,0,,,0,erc1155
0x00d1c05677a5907a70637a8c754b8e042df26790fe5f837f5b07a6f6152a5d00,,0,,,0,erc1155
0x0054250ffdb46a492945f4cbafd027946f676a0ede08ac813a1b56c74424f83f,,0,,,0,erc1155
0x06d4728ffa9fe52e20aaddb85fead34a9f810ca9f9c0b49113db13851f8b12bb,,0,,,0,erc1155
0x04f698a59fd9e9ea935a91695435425621b5d371562a6e9e9d6204ad8c3c4491,,0,,,0,erc1155
0x064ef8a357c1262b0be3ce0f1f2c2fa06f23bf3f1cd46fd924a6104c037a05e4,,0,,,0,erc1155
0x02a6ac076c45550edc3e080c442fecc557a524664b8bab98a4ef4fe71868325d,,0,,,0,erc1155
0x055513de45d883c92dc5419ece98371438c0256c87eff1b69dd714b26165aa36,,0,,,0,erc1155
0x01670b3a0842ec3993dbb1aeecd487e2f03711b877e62c6d15ac5ec1d600a97d,,0,,,0,erc1155
0x0751408d925f6cdb1c71f683d1cbd07fd0f40aabf0a1963ab710412720dc9544,,0,,,0,erc1155
0x058ccdfd5363fb9953bfdaba7f450e87d7cc2f488d52ec3ed881386b4a312a98,,0,,,0,erc1155
0x01164eeb07c468ec745763e32954f9ffa8ef0e66a7dbebe972c34fe4628ef986,,0,,,0,erc1155
0x010dd941b4204b1afd54b5f915f3b165e1308eeadb33ae5889c69207c1df8e20,,0,,,0,erc1155
0x006f7c5ef3c329734b54ff94121583bfbc46cc0fca3d54941e0630efb0f59b6e,,0,,,0,erc1155
0x04e857c639776c15778556233a3127f4b4e50267c0a2fb201d70bd6d72ee6d42,,0,,,0,erc1155
0x034f2a5429f5f583388e4b8fdfa66d4e074fd33f247696c836422951b8ad8f47,,0,,,0,erc1155
0x05e51c0159ebb1b5e8767fdb1cf7d94c6c0746a328caa87a097909d9e08e3179,,0,,,0,erc1155
0x0355fea050f3866e9bbabed80500e58807745558b57c6805676d64d97eb797bd,,0,,,0,erc1155
0x00c6045c261c05b8a0aecd38acf2945954f1b51ac42143f3c3a209f92533fd11,,0,,,0,erc1155
0x01634671af33e9d9cdba3a09c5646ba2fa90922f3d3f386f72e53821abcae93b,,0,,,0,erc1155
0x05a569d722cdd3fba8370e05f697a4964a05441b5781a71ec450fd10b9a04a14,,0,,,0,erc1155
0x078bcb11d35e3210c30584677dd4768b889205fc18f8355eaf24be245720a81e,,0,,,0,erc1155
0x06acbe5d9c4bc4851296800f0f7fa533508012ab48b0538a1cc8a5583ac2252c,,0,,,0,erc1155
0x0371f34feb53b4be8c3b62532a1550b1215cff74cf1ffc28e7ae639753d9bcae,,0,,,0,erc1155
0x04695b7b51ec722467801859e7b4cbd7b73cfd769916c3f76d289f2725a49eff,,0,,,0,erc1155
0x0560d6959a523633de02a2871f20870770bb2c824af85e8dfae6e30145acc982,,0,,,0,erc1155
0x069e4349568b19c2c18d8657752dfd0ef845426bdd9feeb08654696cb87f5292,,0,,,0,erc1155
0x03ef77e56c0fbed9208cd9ade0a531d0b0d4e0a1a4cec52ea52971b8633ed3d7,,0,,,0,erc1155
0x01aa6602ea9f2293356615c5f37653d5f2ce233e49ba3078c7a33843141edf66,,0,,,0,erc1155
0x00750e8f8b3761cc373a2577bc2d73430aac9f80b3625d77522defefb157ef1a,,0,,,0,erc1155
0x002b0b06c7099a1a70a9b622147b260d8a32a9fbe0132e14958e6f191399baff,,0,,,0,erc1155
0x04f45f882bd0343e5060f1fe942b281c6a1668486f5b62a2807351e315d582a8,,0,,,0,erc1155
0x0675170233ab67416c1cafe4ed665bb833f8ae10a7f1c3907ff385d70ec64a7d,,0,,,0,erc1155
0x068d7c78c1b5b587d0587267f417cb3c7f3efff9b142d914b9bfa1c8f9544796,,0,,,0,erc1155
0x00f7cbf92b794ae2ad74ac6d5117cbb08970fa06033ba24b1342225d633173ff,,0,,,0,erc1155
0x060c789d4a076f67909f91dcee1af5fa8bff7f56838bebd69dc84530ee0900df,,0,,,0,erc1155
0x05f4ca95a2c748e005bbb4c7353e836194fcf966804b4bf010e90e8b19027ddc,,0,,,0,erc1155
0x05f2562bf3e5fad60b5bc0c64e3d2eb5763521b2192423f35492e8e3bb504807,,0,,,0,erc1155
0x05ceb21c843943d39e98d0ac046d3a1015ea667f59e60a9770964fa0cf433f80,,0,,,0,erc1155
0x01f067c21d43c77e4cc3de8295ef012d170737269d3c85fb439fedccf9d753c7,,0,,,0,erc1155
0x009d9aa9f211e0f700a30ee84dd6a4dbd32a01529e640667399b26b6e535e854,,0,,,0,erc1155
0x03d5c547a11bea7d78e9b84aa66f3274ce86d09621f04336defad27dc16b0930,,0,,,0,erc1155
0x046fbf9f34fad8ce0d30a0fe2d67dcc1c26cb14b0b62cf98fff648f5ad9f77a3,,0,,,0,erc1155
0x0257b32de479f165a62507671c2bf78751927af72a02a867ebd7bd91a03081ca,,0,,,0,erc1155
0x07ddb2d2910f0f04a611ef3c48234952884e6b2b147122d7d2dc502cca2526bc,,0,,,0,erc1155
0x06edc8a32aebeba9f250c9be5087e708a80700acdfb38aec5eff695b329341bf,,0,,,0,erc1155
0x0721fc7ed1704e0be1346ba854d999d3eff79a33b157aa943c8b2882a6375338,,0,,,0,erc1155
0x02d2dbce9c4782eac63e5df1b26826b174b5090c7e551585279426ae2637060e,,0,,,0,erc1155
0x002c97f424af435be327879b707c66408064d34a1a5c6d6dc3f4ac706fdaf874,,0,,,0,erc1155
0x07e6ec4ad288646e4530fa192d9d199ba53c4208ff9c5c7fa90ba928a8f8c766,,0,,,0,erc1155
0x0477cc81ce757c23ebabd1527e34194ee3721038727d0e33f7cbc80b266a1f8e,,0,,,0,erc1155
0x016768b9ffeafb6247ccaf835930b284d7034ac064ddd0daec5a5a40978297fa,,0,,,0,erc1155
0x0303edaaef83f4e1944767a6b034cf022acb065b6acc13c2630ef6e95313af4d,,0,,,0,erc1155
0x042ce16acd50740781342d9de50890af64d0de74c556e0337af1066f45ef1eec,,0,,,0,erc1155
0x04f1d8284641db9abf3630aa9e14a369827a42bd7b0c2d61eea39edda2b0c5d8,,0,,,0,erc1155
0x019a339d2a604b7291a84b5fb2a13989119625bd270f420f0c05d858964e089a,,0,,,0,erc1155
0x01cd6b972624989a06b8130c27d41cb5ee663ff3160ef1a0573b042086ab5623,,0,,,0,erc1155
0x01dc1019024af86be9721bedc706fc024fa8cae9482ab063c38cd20e046b6758,,0,,,0,erc1155
0x0302a6298ee8e04e4131f111dcf5a0483566198e91e0d40b4901a06309eb7f50,,0,,,0,erc1155
0x07f475659c9c793f770d0b881b757ceb211efc17155699f89e7909dc23f777c5,,0,,,0,erc1155
0x040da29ba5106da31b83da92b22d139b3b35df1d73ca735aeef4d668f0c46472,,0,,,0,erc1155
0x023ba1711149da080192755d02dc359050f3ea69b8647fc889f0534a26820a8d,,0,,,0,erc1155
0x04dfb448fa1ac82eb5816df9b9540eb08b0f565bf192a169be0583d3b9a19ef4,,0,,,0,erc1155
0x0016879222b0e7f012fcb6e493119892f3d2a45d7566e13f018f9adcf4b9bb3a,,0,,,0,erc1155
0x0730b79e6ae322f9579831583a4effea5733adfbfcc717c2ef02f3a7e7d770d8,,0,,,0,erc1155
0x0376df3a991db68e14fc560490e35cad2419c2488150e4f5d308b912ea0b1125,,0,,,0,erc1155
0x06148c73d1f07d59f9c019c964be9d54b73fed05636099b7eecae460bd55f104,,0,,,0,erc1155
0x0601ee47841911e81d650b2f5ea19dc0417b03d0354e076735fd730492c60e40,,0,,,0,erc1155
0x01fb96cd8411f585282d8205c0473418842c279de8b9a6b46876c323c2c341d4,,0,,,0,erc1155
0x05a276fc88fb33d33152ed32ab3fcced84f61251253e04cf4e64d50ce55ad93f,,0,,,0,erc1155
0x01e925ac69e92553472a135039c100f9d4e27f52d7b9d0c1f7564940800d0bdd,,0,,,0,erc1155
0x028f72ada9510b8f877749b3dad87cd1d91a6ec1e0c59cafbc235ee37d2d71f5,,0,,,0,erc1155
0x06179a80d87a20221ba5bf21f1bb7ef46b8773342181085bb6199e32aa96c7c4,,0,,,0,erc1155
